Month,Year,Temperature Fahrenheit,Heat Exhaustion Bodily Threshold,Date
July,2019,82,102,07/09/2019 12:53 AM
July,2019,81,102,07/09/2019 01:53 AM
July,2019,77,102,07/09/2019 02:53 AM
July,2019,77,102,07/09/2019 03:53 AM
July,2019,77,102,07/09/2019 04:53 AM
July,2019,76,102,07/09/2019 05:53 AM
July,2019,76,102,07/09/2019 06:53 AM
July,2019,80,102,07/09/2019 07:53 AM
July,2019,82,102,07/09/2019 08:53 AM
July,2019,84,102,07/09/2019 09:53 AM
July,2019,87,102,07/09/2019 10:53 AM
July,2019,92,102,07/09/2019 11:53 AM
July,2019,92,102,07/09/2019 12:53 PM
July,2019,92,102,07/09/2019 01:53 PM
July,2019,93,102,07/09/2019 02:53 PM
July,2019,97,102,07/09/2019 03:53 PM
July,2019,99,102,07/09/2019 04:53 PM
July,2019,98,102,07/09/2019 05:53 PM
July,2019,94,102,07/09/2019 06:53 PM
July,2019,91,102,07/09/2019 07:53 PM
July,2019,80,102,07/09/2019 08:18 PM
July,2019,82,102,07/09/2019 08:53 PM
July,2019,79,102,07/09/2019 09:47 PM
July,2019,78,102,07/09/2019 09:53 PM
July,2019,81,102,07/09/2019 09:01 PM
July,2019,78,102,07/09/2019 10:53 PM
July,2019,78,102,07/09/2019 11:53 PM
July,2019,78,102,07/09/2019 12:53 AM
August,2019,79,102,08/09/2019 01:53 AM
August,2019,78,102,08/09/2019 02:53 AM
August,2019,77,102,08/09/2019 03:53 AM
August,2019,77,102,08/09/2019 04:53 AM
August,2019,76,102,08/09/2019 05:53 AM
August,2019,76,102,08/09/2019 06:53 AM
August,2019,77,102,08/09/2019 07:53 AM
August,2019,79,102,08/09/2019 08:53 AM
August,2019,82,102,08/09/2019 09:53 AM
August,2019,84,102,08/09/2019 10:53 AM
August,2019,87,102,08/09/2019 11:53 AM
August,2019,90,102,08/09/2019 12:53 PM
August,2019,90,102,08/09/2019 01:53 PM
August,2019,94,102,08/09/2019 02:53 PM
August,2019,95,102,08/09/2019 03:53 PM
August,2019,93,102,08/09/2019 04:53 PM
August,2019,94,102,08/09/2019 05:53 PM
August,2019,92,102,08/09/2019 06:53 PM
August,2019,89,102,08/09/2019 07:53 PM
August,2019,86,102,08/09/2019 08:53 PM
August,2019,86,102,08/09/2019 09:53 PM
August,2019,82,102,08/09/2019 10:53 PM
August,2019,81,102,08/09/2019 11:53 PM
July,2020,78,102,07/09/2020 12:53 AM
July,2020,77,102,07/09/2020 01:53 AM
July,2020,77,102,07/09/2020 02:53 AM
July,2020,76,102,07/09/2020 03:53 AM
July,2020,75,102,07/09/2020 04:20 AM
July,2020,75,102,07/09/2020 04:29 AM
July,2020,74,102,07/09/2020 04:36 AM
July,2020,75,102,07/09/2020 04:53 AM
July,2020,75,102,07/09/2020 05:53 AM
July,2020,74,102,07/09/2020 06:53 AM
July,2020,76,102,07/09/2020 07:53 AM
July,2020,78,102,07/09/2020 08:53 AM
July,2020,81,102,07/09/2020 09:53 AM
July,2020,84,102,07/09/2020 10:53 AM
July,2020,87,102,07/09/2020 11:53 AM
July,2020,88,102,07/09/2020 11:57 AM
July,2020,88,102,07/09/2020 12:25 PM
July,2020,89,102,07/09/2020 12:53 PM
July,2020,90,102,07/09/2020 01:53 PM
July,2020,90,102,07/09/2020 02:53 PM
July,2020,91,102,07/09/2020 03:53 PM
July,2020,82,102,07/09/2020 04:29 PM
July,2020,80,102,07/09/2020 04:35 PM
July,2020,78,102,07/09/2020 04:39 PM
July,2020,77,102,07/09/2020 04:41 PM
July,2020,75,102,07/09/2020 04:47 PM
July,2020,75,102,07/09/2020 04:53 PM
July,2020,75,102,07/09/2020 04:58 PM
July,2020,77,102,07/09/2020 05:04 PM
July,2020,75,102,07/09/2020 05:13 PM
July,2020,82,102,07/09/2020 05:53 PM
July,2020,84,102,07/09/2020 06:53 PM
July,2020,85,102,07/09/2020 07:53 PM
July,2020,83,102,07/09/2020 08:53 PM
July,2020,81,102,07/09/2020 09:53 PM
July,2020,78,102,07/09/2020 10:53 PM
July,2020,78,102,07/09/2020 11:53 PM
August,2020,81,102,08/09/2020 12:53 AM
August,2020,78,102,08/09/2020 01:53 AM
August,2020,77,102,08/09/2020 02:53 AM
August,2020,76,102,08/09/2020 03:53 AM
August,2020,75,102,08/09/2020 04:53 AM
August,2020,72,102,08/09/2020 05:53 AM
August,2020,72,102,08/09/2020 06:53 AM
August,2020,74,102,08/09/2020 07:53 AM
August,2020,79,102,08/09/2020 08:53 AM
August,2020,82,102,08/09/2020 09:53 AM
August,2020,84,102,08/09/2020 10:53 AM
August,2020,87,102,08/09/2020 11:53 AM
August,2020,92,102,08/09/2020 12:53 PM
August,2020,95,102,08/09/2020 01:53 PM
August,2020,96,102,08/09/2020 02:53 PM
August,2020,96,102,08/09/2020 03:53 PM
August,2020,95,102,08/09/2020 04:53 PM
August,2020,91,102,08/09/2020 05:53 PM
August,2020,91,102,08/09/2020 06:53 PM
August,2020,91,102,08/09/2020 07:53 PM
August,2020,86,102,08/09/2020 08:53 PM
August,2020,83,102,08/09/2020 09:53 PM
August,2020,81,102,08/09/2020 10:53 PM
August,2020,81,102,08/09/2020 11:53 PM
July,2021,76,102,07/10/2021 12:53 AM
July,2021,74,102,07/10/2021 01:53 AM
July,2021,74,102,07/10/2021 02:17 AM
July,2021,74,102,07/10/2021 02:35 AM
July,2021,74,102,07/10/2021 02:53 AM
July,2021,74,102,07/10/2021 03:53 AM
July,2021,74,102,07/10/2021 04:53 AM
July,2021,74,102,07/10/2021 05:53 AM
July,2021,72,102,07/10/2021 06:53 AM
July,2021,73,102,07/10/2021 07:53 AM
July,2021,74,102,07/10/2021 08:29 AM
July,2021,75,102,07/10/2021 08:53 AM
July,2021,77,102,07/10/2021 09:38 AM
July,2021,79,102,07/10/2021 09:53 AM
July,2021,79,102,07/10/2021 10:07 AM
July,2021,79,102,07/10/2021 10:25 AM
July,2021,80,102,07/10/2021 10:53 AM
July,2021,84,102,07/10/2021 11:53 AM
July,2021,85,102,07/10/2021 12:53 PM
July,2021,87,102,07/10/2021 01:53 PM
July,2021,89,102,07/10/2021 02:53 PM
July,2021,89,102,07/10/2021 03:53 PM
July,2021,90,102,07/10/2021 04:53 PM
July,2021,90,102,07/10/2021 05:53 PM
July,2021,89,102,07/10/2021 06:53 PM
July,2021,89,102,07/10/2021 07:08 PM
July,2021,88,102,07/10/2021 07:18 PM
July,2021,80,102,07/10/2021 07:40 PM
July,2021,79,102,07/10/2021 07:53 PM
July,2021,80,102,07/10/2021 08:53 PM
July,2021,78,102,07/10/2021 09:53 PM
July,2021,79,102,07/10/2021 10:53 PM
July,2021,79,102,07/10/2021 11:53 PM
August,2021,76,102,08/10/2021 12:53 AM
August,2021,75,102,08/10/2021 01:53 AM
August,2021,75,102,08/10/2021 02:53 AM
August,2021,74,102,08/10/2021 03:53 AM
August,2021,74,102,08/10/2021 04:53 AM
August,2021,73,102,08/10/2021 05:53 AM
August,2021,74,102,08/10/2021 06:53 AM
August,2021,74,102,08/10/2021 07:53 AM
August,2021,77,102,08/10/2021 08:53 AM
August,2021,80,102,08/10/2021 09:53 AM
August,2021,81,102,08/10/2021 10:53 AM
August,2021,82,102,08/10/2021 11:53 AM
August,2021,82,102,08/10/2021 12:53 PM
August,2021,82,102,08/10/2021 01:53 PM
August,2021,77,102,08/10/2021 02:53 PM
August,2021,72,102,08/10/2021 03:53 PM
August,2021,73,102,08/10/2021 04:06 PM
August,2021,92,102,08/10/2021 04:22 PM
August,2021,93,102,08/10/2021 04:46 PM
August,2021,93,102,08/10/2021 04:53 PM
August,2021,91,102,08/10/2021 05:53 PM
August,2021,91,102,08/10/2021 05:59 PM
August,2021,77,102,08/10/2021 06:53 PM
August,2021,75,102,08/10/2021 06:57 PM
August,2021,76,102,08/10/2021 07:04 PM
August,2021,81,102,08/10/2021 07:53 PM
August,2021,77,102,08/10/2021 08:53 PM
August,2021,77,102,08/10/2021 09:53 PM
August,2021,75,102,08/10/2021 10:53 PM
August,2021,75,102,08/10/2021 11:53 PM
July,2022,77,102,07/11/2022 12:53 AM
July,2022,78,102,07/11/2022 01:53 AM
July,2022,78,102,07/11/2022 02:05 AM
July,2022,76,102,07/11/2022 03:53 AM
July,2022,76,102,07/11/2022 04:32 AM
July,2022,75,102,07/11/2022 04:48 AM
July,2022,75,102,07/11/2022 04:53 AM
July,2022,75,102,07/11/2022 05:05 AM
July,2022,75,102,07/11/2022 05:17 AM
July,2022,75,102,07/11/2022 05:33 AM
July,2022,75,102,07/11/2022 05:53 AM
July,2022,74,102,07/11/2022 06:19 AM
July,2022,74,102,07/11/2022 06:41 AM
July,2022,74,102,07/11/2022 06:53 AM
July,2022,75,102,07/11/2022 07:53 AM
July,2022,75,102,07/11/2022 08:53 AM
July,2022,76,102,07/11/2022 09:53 AM
July,2022,77,102,07/11/2022 10:53 AM
July,2022,79,102,07/11/2022 11:53 AM
July,2022,80,102,07/11/2022 12:15 PM
July,2022,80,102,07/11/2022 12:41 PM
July,2022,81,102,07/11/2022 12:51 PM
July,2022,80,102,07/11/2022 12:53 PM
July,2022,82,102,07/11/2022 01:13 PM
July,2022,84,102,07/11/2022 01:53 PM
July,2022,85,102,07/11/2022 02:53 PM
July,2022,87,102,07/11/2022 03:53 PM
July,2022,88,102,07/11/2022 04:53 PM
July,2022,88,102,07/11/2022 05:53 PM
July,2022,87,102,07/11/2022 06:25 PM
July,2022,86,102,07/11/2022 07:53 PM
July,2022,84,102,07/11/2022 08:53 PM
July,2022,84,102,07/11/2022 09:53 PM
July,2022,80,102,07/11/2022 10:53 PM
July,2022,79,102,07/11/2022 11:53 PM
August,2022,76,102,08/11/2022 12:12 AM
August,2022,74,102,08/11/2022 12:37 AM
August,2022,73,102,08/11/2022 12:51 AM
August,2022,74,102,08/11/2022 12:53 AM
August,2022,73,102,08/11/2022 01:53 AM
August,2022,72,102,08/11/2022 02:53 AM
August,2022,72,102,08/11/2022 03:53 AM
August,2022,72,102,08/11/2022 04:53 AM
August,2022,72,102,08/11/2022 05:53 AM
August,2022,71,102,08/11/2022 06:53 AM
August,2022,72,102,08/11/2022 07:53 AM
August,2022,72,102,08/11/2022 08:53 AM
August,2022,74,102,08/11/2022 09:53 AM
August,2022,76,102,08/11/2022 10:53 AM
August,2022,77,102,08/11/2022 11:22 AM
August,2022,79,102,08/11/2022 11:53 AM
August,2022,82,102,08/11/2022 12:53 PM
August,2022,82,102,08/11/2022 01:02 PM
August,2022,84,102,08/11/2022 01:53 PM
August,2022,85,102,08/11/2022 02:53 PM
August,2022,86,102,08/11/2022 03:53 PM
August,2022,85,102,08/11/2022 04:53 PM
August,2022,80,102,08/11/2022 05:53 PM
August,2022,79,102,08/11/2022 06:53 PM
August,2022,79,102,08/11/2022 07:53 PM
August,2022,78,102,08/11/2022 09:53 PM
August,2022,77,102,08/11/2022 10:53 PM
August,2022,76,102,08/11/2022 11:53 PM
July,2023,73,102,07/09/2023 12:53 AM
July,2023,73,102,07/09/2023 01:43 AM
July,2023,72,102,07/09/2023 01:53 AM
July,2023,72,102,07/09/2023 02:53 AM
July,2023,73,102,07/09/2023 03:53 AM
July,2023,73,102,07/09/2023 04:53 AM
July,2023,73,102,07/09/2023 05:34 AM
July,2023,74,102,07/09/2023 05:53 AM
July,2023,73,102,07/09/2023 06:06 AM
July,2023,72,102,07/09/2023 06:53 AM
July,2023,72,102,07/09/2023 07:21 AM
July,2023,73,102,07/09/2023 07:43 AM
July,2023,73,102,07/09/2023 07:53 AM
July,2023,73,102,07/09/2023 08:08 AM
July,2023,74,102,07/09/2023 08:21 AM
July,2023,75,102,07/09/2023 08:53 AM
July,2023,75,102,07/09/2023 09:20 AM
July,2023,76,102,07/09/2023 09:30 AM
July,2023,77,102,07/09/2023 09:53 AM
July,2023,79,102,07/09/2023 10:53 AM
July,2023,83,102,07/09/2023 11:53 AM
July,2023,83,102,07/09/2023 12:53 AM
July,2023,85,102,07/09/2023 01:53 PM
July,2023,86,102,07/09/2023 02:53 PM
July,2023,87,102,07/09/2023 03:53 PM
July,2023,85,102,07/09/2023 04:53 PM
July,2023,85,102,07/09/2023 05:53 PM
July,2023,83,102,07/09/2023 06:53 PM
July,2023,82,102,07/09/2023 07:53 PM
July,2023,80,102,07/09/2023 08:53 PM
July,2023,80,102,07/09/2023 09:53 PM
July,2023,74,102,07/09/2023 10:53 PM
July,2023,76,102,07/09/2023 11:53 PM
August,2023,70,102,08/09/2023 12:53 AM
August,2023,69,102,08/09/2023 01:53 AM
August,2023,68,102,08/09/2023 02:53 AM
August,2023,67,102,08/09/2023 03:53 AM
August,2023,66,102,08/09/2023 04:53 AM
August,2023,67,102,08/09/2023 05:53 AM
August,2023,67,102,08/09/2023 06:53 AM
August,2023,68,102,08/09/2023 07:53 AM
August,2023,72,102,08/09/2023 08:53 AM
August,2023,75,102,08/09/2023 09:53 AM
August,2023,79,102,08/09/2023 10:53 AM
August,2023,81,102,08/09/2023 11:53 AM
August,2023,82,102,08/09/2023 12:53 PM
August,2023,85,102,08/09/2023 01:53 PM
August,2023,85,102,08/09/2023 02:53 PM
August,2023,88,102,08/09/2023 03:53 PM
August,2023,87,102,08/09/2023 04:53 PM
August,2023,85,102,08/09/2023 05:53 PM
August,2023,81,102,08/09/2023 06:26 PM
August,2023,79,102,08/09/2023 06:33 PM
August,2023,72,102,08/09/2023 06:42 PM
August,2023,73,102,08/09/2023 06:53 PM
August,2023,73,102,08/09/2023 07:03 PM
August,2023,73,102,08/09/2023 07:53 PM
August,2023,72,102,08/09/2023 08:53 PM
August,2023,72,102,08/09/2023 09:25 PM
August,2023,72,102,08/09/2023 10:53 PM
August,2023,71,102,08/09/2023 11:53 PM
July,2024,81,102,07/10/2024 12:35 AM
July,2024,81,102,07/10/2024 12:53 AM
July,2024,80,102,07/10/2024 01:53 AM
July,2024,78,102,07/10/2024 02:53 AM
July,2024,76,102,07/10/2024 03:53 AM
July,2024,76,102,07/10/2024 04:53 AM
July,2024,75,102,07/10/2024 05:41 AM
July,2024,76,102,07/10/2024 05:53 AM
July,2024,75,102,07/10/2024 06:26 AM
July,2024,75,102,07/10/2024 06:53 AM
July,2024,75,102,07/10/2024 07:14 AM
July,2024,75,102,07/10/2024 07:43 AM
July,2024,75,102,07/10/2024 07:53 AM
July,2024,76,102,07/10/2024 08:53 AM
July,2024,78,102,07/10/2024 09:53 AM
July,2024,80,102,07/10/2024 10:53 AM
July,2024,81,102,07/10/2024 11:53 AM
July,2024,81,102,07/10/2024 12:53 PM
July,2024,84,102,07/10/2024 01:53 PM
July,2024,88,102,07/10/2024 02:53 PM
July,2024,87,102,07/10/2024 03:53 PM
July,2024,91,102,07/10/2024 04:53 PM
July,2024,89,102,07/10/2024 05:53 PM
July,2024,90,102,07/10/2024 06:53 PM
July,2024,87,102,07/10/2024 07:53 PM
July,2024,84,102,07/10/2024 08:53 PM
July,2024,79,102,07/10/2024 09:53 PM
July,2024,77,102,07/10/2024 10:53 PM
July,2024,75,102,07/10/2024 11:53 PM
August,2024,79,102,08/10/2024 12:53 AM
August,2024,78,102,08/10/2024 01:53 AM
August,2024,77,102,08/10/2024 02:53 AM
August,2024,76,102,08/10/2024 03:53 AM
August,2024,75,102,08/10/2024 04:53 AM
August,2024,75,102,08/10/2024 05:53 AM
August,2024,73,102,08/10/2024 06:53 AM
August,2024,74,102,08/10/2024 07:53 AM
August,2024,76,102,08/10/2024 08:53 AM
August,2024,78,102,08/10/2024 09:53 AM
August,2024,82,102,08/10/2024 10:53 AM
August,2024,84,102,08/10/2024 11:53 AM
August,2024,87,102,08/10/2024 12:53 PM
August,2024,87,102,08/10/2024 01:53 PM
August,2024,90,102,08/10/2024 02:53 PM
August,2024,91,102,08/10/2024 03:53 PM
August,2024,90,102,08/10/2024 04:53 PM
August,2024,91,102,08/10/2024 05:53 PM
August,2024,88,102,08/10/2024 06:53 PM
August,2024,85,102,08/10/2024 07:53 PM
August,2024,82,102,08/10/2024 08:53 PM
August,2024,79,102,08/10/2024 09:53 PM
August,2024,78,102,08/10/2024 10:53 PM
August,2024,76,102,08/10/2024 11:53 PM
July,2025,77,102,07/11/2025 12:53 AM
July,2025,76,102,07/11/2025 01:53 AM
July,2025,75,102,07/11/2025 02:53 AM
July,2025,75,102,07/11/2025 03:53 AM
July,2025,74,102,07/11/2025 04:41 AM
July,2025,73,102,07/11/2025 04:49 AM
July,2025,74,102,07/11/2025 04:53 AM
July,2025,74,102,07/11/2025 05:00 AM
July,2025,74,102,07/11/2025 05:28 AM
July,2025,73,102,07/11/2025 05:53 AM
July,2025,73,102,07/11/2025 06:53 AM
July,2025,74,102,07/11/2025 07:37 AM
July,2025,74,102,07/11/2025 07:53 AM
July,2025,74,102,07/11/2025 08:10 AM
July,2025,77,102,07/11/2025 08:53 AM
July,2025,80,102,07/11/2025 09:53 AM
July,2025,84,102,07/11/2025 10:53 AM
July,2025,87,102,07/11/2025 11:53 AM
July,2025,88,102,07/11/2025 12:53 PM
July,2025,90,102,07/11/2025 01:53 PM
July,2025,91,102,07/11/2025 02:53 PM
July,2025,93,102,07/11/2025 03:53 PM
July,2025,91,102,07/11/2025 04:22 PM
July,2025,79,102,07/11/2025 04:38 PM
July,2025,79,102,07/11/2025 04:53 PM
July,2025,80,102,07/11/2025 04:59 PM
July,2025,84,102,07/11/2025 05:25 PM
July,2025,84,102,07/11/2025 05:43 PM
July,2025,85,102,07/11/2025 05:53 PM
July,2025,87,102,07/11/2025 06:53 PM
July,2025,83,102,07/11/2025 07:53 PM
July,2025,83,102,07/11/2025 08:53 PM
July,2025,80,102,07/11/2025 09:53 PM
July,2025,80,102,07/11/2025 10:53 PM
July,2025,78,102,07/11/2025 11:53 PM
August,2025,76,102,08/11/2025 12:53 AM
August,2025,73,102,08/11/2025 01:53 AM
August,2025,72,102,08/11/2025 02:53 AM
August,2025,71,102,08/11/2025 03:53 AM
August,2025,71,102,08/11/2025 04:53 AM
August,2025,71,102,08/11/2025 05:53 AM
August,2025,73,102,08/11/2025 06:53 AM
August,2025,74,102,08/11/2025 07:53 AM
August,2025,75,102,08/11/2025 08:53 AM
August,2025,77,102,08/11/2025 09:53 AM
August,2025,78,102,08/11/2025 10:53 AM
August,2025,80,102,08/11/2025 11:53 AM
August,2025,82,102,08/11/2025 12:53 PM
August,2025,83,102,08/11/2025 01:53 PM
August,2025,82,102,08/11/2025 02:53 PM
August,2025,85,102,08/11/2025 03:53 PM
August,2025,87,102,08/11/2025 04:53 PM
August,2025,87,102,08/11/2025 05:53 PM
August,2025,84,102,08/11/2025 06:53 PM
August,2025,83,102,08/11/2025 07:53 PM
August,2025,81,102,08/11/2025 08:53 PM
August,2025,80,102,08/11/2025 09:53 PM
August,2025,79,102,08/11/2025 10:53 PM
August,2025,79,102,08/11/2025 11:53 PM
