Store Name,StoreID,Latitude ,Longitude,Address,Store Brand,Parking Lot Area (square meters),Panel Area (square meters),Total Covered Area,Parking Lot Perimeter (Meters),Parking Lot Area (Square Feet),Parking Lot Perimeter (Kilometers),System Losses,Panel Efficiency,Temperature Coefficient,"Solar Irradiance, Jan.","Solar Irradiance, Feb.","Solar Irradiance, Mar.","Solar Irradiance, Apr.","Solar Irradiance, May.","Solar Irradiance, Jun.","Solar Irradiance, Jul.","Solar Irradiance, Aug.","Solar Irradiance, Sept.","Solar Irradiance, Oct.","Solar Irradiance, Nov.","Solar Irradiance, Dec.",Solar Irradiance/yr
Walmart Supercenter #5251,WM#1,"35° 0'34.82""N","85°12'20.05""W","490 Greenway View Drive, Chattanooga TN 37411",Walmart,36659,29327.2,80%,760,394597,0.76,12.05%,20%,-0.25%,20650.5,21620.5,27004.5,28253.7,30510.1,29897,29907.6,31331.8,27988.7,26785.4,21998.6,19226.3,315174.7
Walmart Supercenter #1469,WM#2,"35° 1'58.12""N","85° 9'5.41""W","2020 Gunbarrel Rd Ste 250, Chattanooga, TN 37421",Walmart,19483,15586.4,80%,614,209714,0.61,12.05%,20%,-0.25%,8780,10177.3,11481.5,12413.1,12972,13135.1,12715.9,13321.4,12296.6,11388.4,9665,8174.5,136520.8
Walmart Supercenter #3659,WM#3,"35° 5'39.81""N","85°19'50.99""W","501 Signal Mountain Rd, Chattanooga, TN 37405",Walmart,22247,17797.6,80%,654,239462,0.65,12.05%,20%,-0.25%,12532.3,13120.7,16388,17146.1,18515.4,18143.4,18149.8,19014.1,16985.3,16255,13350.2,11667.7,191268
Walmart Neighborhood Market #3619,WM#4,"35° 6'53.59""N","85°15'44.15""W","3901 Hixson Pike, Chattanooga, TN 37415",Walmart,4581,3664.08,80%,276,49314,0.28,12.05%,20%,-0.25%,2580.5,2701.7,3374.5,3530.6,3812.6,3736,3737.3,3915.3,3497.5,3347.1,2749,2402.5,39384.6
Walmart Supercenter #1606,WM#5,"35° 9'11.58""N","85°14'47.93""W","5764 Highway 153, Chattanooga, TN 37343",Walmart,19365,15492,80%,546,208438,0.55,12.05%,20%,-0.25%,10908.5,11420.9,14265,14924.9,16116.8,15793,15798.6,16550.9,14784.9,14149.3,11620.7,10156.2,166489.7
Walmart Supercenter #3660,WM#6,"35° 1'0.33""N","85°22'33.58""W","3550 Cummings Hwy Chattanooga, TN 37419",Walmart,30072,24057.6,80%,713,323687,0.71,12.05%,20%,-0.25%,16939.9,17735.7,22152.2,23177,25028,24525,24533.7,3305.9,2953,2826.2,2321.1,15771.6,181269.3
Walmart Neighborhood Market,WM#7,"35° 0'18.26""N","85° 8'58.44""W"," 8101 East Brainerd Rd, Chattanooga, TN 37421",Walmart,4835,3868,80%,294,52046,0.29,12.05%,20%,-0.25%,2723.6,2851.5,3561.6,3726.4,4024,3943.1,3944.5,4132.3,3691.4,3532.7,2901.4,2535.7,41568.2
Target Chattanooga East,Target#1,"35° 1'29.01""N","85° 9'23.07""W","1816 Gunbarrel Rd  Chattanooga, TN 37421-3129",Target,16868,13494.4,80%,516,181459,0.52,12.05%,20%,-0.25%,9501.9,9948.3,12425.6,13000.4,14038.7,13756.5,13761.4,14416.7,12878.5,12324.8,10122.3,8846.6,145021.7
Target Chattanooga North,Target#2,"35° 8'45.75""N","85°15'3.61""W","5579 Highway 153  Hixson, TN 37343-3748",Target,10773,8618.4,80%,414,115957,0.41,12.05%,20%,-0.25%,66068.5,6353.6,7935.8,8302.9,8966,8785.8,8788.9,9207.4,8225,7871.4,6464.7,5650,152620
Publix Super Market at Village at Waterside,Publix#1,"35° 2'36.85""N","85° 8'57.62""W","7326 McCutcheon Road, Chattanooga, TN 37421",Publix,6224,4979.2,80%,312,66990,0.31,12.05%,20%,-0.25%,3506,3670.7,4584.8,4796.9,5180,5075.9,5077.7,5319.5,4751.9,4547.6,3734.9,3264.2,53510.1
Publix Super Market on North Market Street,Publix#2,"35° 3'57.98""N","85°18'30.34""W","400 N Market Street, Chattanooga TN 37405",Publix,10192,8153.6,80%,422,109706,0.42,12.05%,20%,-0.25%,5741.2,6010.9,7507.8,7855.1,8482.4,8312,8314.9,8710.9,7781.4,7446.9,6116.1,5345.3,87624.9
Publix Super Market at Mount Vernon Point,Publix#3,"35° 0'53.27""N","85°19'33.75""W","3535 Broad Street, Chattanooga, TN 37409",Publix,5709,4567.2,80%,318,61452,0.32,12.05%,20%,-0.25%,3215.9,3367,4205.4,4400,4751.4,4655.9,4657.5,4879.3,4358.7,4171.3,3425.9,2994.1,49082.4
Publix Super Market at Hurricane Creek,Publix#4,"35°59'57.26""N","85° 8'2.28""W",8644 E Brainerd Rd Chattanooga TN 37421-8325,Publix,10914,8731.2,80%,412,117480,0.41,12.05%,20%,-0.25%,6148,6436.8,8039.6,8411.6,9083.3,8900.8,8904,9328,8332.7,7717.2,6549.3,5724,93575.3
ALDI 5706 Lee Hwy,ALDI#1,"35° 1'5.26""N","85°12'16.34""W","5706 Lee Hwy Chattanooga, TN 37421",ALDI,3395,2716,80%,374,36544,0.37,12.05%,20%,-0.25%,1912.4,2002.2,2500.8,2616.5,2825.5,2768.7,2769.7,2901.6,2592,2480.6,2037.3,1780.5,29187.8
"ALDI 2020 Gunbarrel Rd, Ste A6",ALDI#2,"35° 1'58.18""N","85° 9'5.54""W","2020 Gunbarrel Road Ste 154, Chattanooga, TN 37421",ALDI,2525,2020,80%,221,27184,0.22,12.05%,20%,-0.25%,1422.3,1489.1,1860,1946,2101.4,2059.2,2059.9,2158,1927.8,1844.9,1515.2,1324.2,21708
ALDI 637 Mundy Street,ALDI#3,"35° 5'52.72""N","85°19'34.51""W","637 Mundy Street, Chattanooga, TN 37405",ALDI,3610,2888,80%,321,38858,0.32,12.05%,20%,-0.25%,2033.5,2129,2659.2,2782.2,3004.4,2944.1,2945.1,3085.4,2756.1,2637.6,2166.3,1893.3,31036.2
"ALDI, Hixson",ALDI#4,"35° 8'37.28""N","85°14'50.00""W"," 5510 Hwy 153 Ste 1, Chattanooga, TN 37343",ALDI,2824,2259.2,80%,214,30399,0.21,12.05%,20%,-0.25%,1590.7,1665.5,2080.2,2176.5,2350.3,2303,2303.9,2413.6,2156,2063.3,1694.6,1481,24278.6
"Food City, Broad Street",FC#1,"35° 2'19.53""N","85°18'40.83""W","1375 Broad Street, Chattanooga, TN 37402",Food City,5748,4598.4,80%,332,61873,0.33,12.05%,20%,-0.25%,3237.9,3390,4234.2,4430,4783.8,4687.7,4689.4,4912.7,4388.5,4199.8,3449.3,3014.6,49417.9
"Food City, Signal Mtn Road",FC#2,"35° 5'52.89""N","85°19'44.44""W","703 Signal Mountain Road, Chattanooga, TN 37405",Food City,7433,5946.4,80%,383,80007,0.38,12.05%,20%,-0.25%,4187.1,4383.7,5475.4,5728.7,6186.2,6061.9,6064,6352.8,5675,5431,4460.4,3898.3,63904.5
"Food City, Hixson Pike",FC#3,"35° 6'22.99""N","85°16'18.74""W","3600 Hixson Pike, Chattanooga, TN 37415",Food City,5265,4212,80%,296,56675,0.3,12.05%,20%,-0.25%,2965.8,3105.1,3878.4,4057.8,4381.8,4293.8,4295.3,4499.9,4019.7,3846.9,3159.4,2761.3,45265.2
"Food City, TN-17",FC#4,"35° 0'35.54""N","85°19'36.67""W","3801 Tennessee Avenue, Chattanooga, TN 37409",Food City,4752,3801.6,80%,274,51152,0.27,12.05%,20%,-0.25%,2676.8,2802.6,3500.5,3662.4,3954.9,3875.4,3876.8,4061.4,3628,3472.1,2851.6,2492.2,40854.7
"Food City, Lee Hwy",FC#5,"35° 2'22.56""N","85°10'19.06""W","6651 Lee Highway Chattanooga, TN 37421",Food City,6531,5224.8,80%,507,70302,0.51,12.05%,20%,-0.25%,3678.9,3851.8,4810.9,5033.5,5435.5,5326.3,5328.2,5581.9,4986.3,4771.9,3919.1,3425.2,56149.5
"Food City, Hwy 58",FC#6,"35° 5'3.66""N","85°11'50.85""W","4510 Highway 58 Chattanooga, TN 37416",Food City,9105,7284,80%,480,98004,0.48,12.05%,20%,-0.25%,5128.9,5369.9,6707.1,7017.3,7577.8,7425.5,7428.1,7781.8,6951.5,6652.6,5463.8,4775.2,78279.5
"Food City, East Brainerd",FC#7,"35° 0'29.20""N","85° 9'14.98"" W","7804 E Brainerd Rd, Chattanooga, TN 37421",Food City,5163,4130.4,80%,414,55579,0.41,12.05%,20%,-0.25%,2908.3,3045,3803.2,3979.2,4297,4210.6,4212.1,4412.7,3941.8,3772.4,3098.2,2707.8,44388.3
